clear,score,Label
daftar tungu kode otp kunjung respon masuk hari notif email,1,Negatif
aplikasi,1,Negatif
rute padat arah terminal purabaya selisih berangkat armada mohon perhati karena selisihjya jam jam muter perak tungu lama arah perak buat jalur sendiri integrasi jalur lain dl muter rajawali bagus tungu makslimal menit an,2,Negatif
nyesel daftar member apk nya ribet guna tungu verivikasi email mingu muncul kode otp nya akibat pakai apk nya download ulang ,1,Negatif
eror nge bug imbas history jalan eror,2,Negatif
bus genpark arah purbaya jam banget tungu jam pakai gojek jmp bus jmp purbaya,1,Negatif
jadwal jam sih takut telat kalo,1,Negatif
ga bayar isi saldo,1,Negatif
sisa kapasitas tera aplikasi sesuai real time,3,Negatif
tolong update fitur nilai kemudi banget nungu halte tpi drivernya henti lapor desember bus sb henti nungu lama tolong tindak lanjut ,2,Negatif
scan tumpang halte tulis marka henti bus tau tumpang naik krn wirawiri henti halte halte lampu gelap driver kernet liat ,3,Negatif
wirawiri nya buru buru banget tungu halte wirawiri nya henti isi ful ,1,Negatif
please aplikasi baik eror muncul rute,1,Negatif
dwonlout iphone ya,5,Positif
aplikasi goblok cok dancok,1,Negatif
map bintang daftar gagsl mendspatkan otp nya daftar,2,Negatif
tolong baik jangan eror masa kadang track bus jalan si,4,Positif
kode otpnya ditunguin ngantuk,5,Positif
niat gae aplikasi seh wis bosok rute titik login gae nik lah ktp lah foto mentolo protes nak buk risma karo admine gerindra ben apikno gobiz mosok wirawiri isine titik ngene pengin gae dadine sido ero omahku iku dukuh pakis ayo kene serlok nasehat,1,Negatif
bis kosong henti halte simpang dukuh selasa nov tungu halte supirnya henti pura lihat,1,Negatif
sulit masuk akun tunjuk ,1,Negatif
mantab tambahin rute pasar malam kodam plis makasih ,5,Positif
aplikasi layak publikasi top up saldo via qris saldo aplikasi gob isi rekening bank debet dana top up masuk mana layan adu chat costumer care efektif efisien tau saldo orang masuk saya rugi konsumen ada niat ojk audit sistem bayar gob layak ini ,1,Negatif
parah layan feder wara wiri nya sopir kernet nya ngerekrut etika adab penuh henti konfirmasi penuh sistem sopir nya gaji oerbulan peduli urusa tumpang tungu kesal oenting mobil jalan gaji,1,Negatif
bis cegat nyelonong gatau tuh supir kernet sb november jam am supir kernet tolol bawa bis babi liar cegat nyelonong aja dasar supir kernet otak ,1,Negatif
s ,3,Negatif
orang lihat posisi bus diwajibin login baik,5,Positif
aplikasi updatenya baru mula keren,5,Positif
moga armada jarak angkut,4,Positif
login suruh login,1,Negatif
sih undang lihat bis feder mana suruh login mulu gilir login muncul tulis lokasi feder bis kerja bener berangkat kerja,1,Negatif
apk kumpul data pribadi sensitif nik foto tiati guys ,1,Negatif
paksa update login login akses ,1,Negatif
update track feder bus sign member update sign member pakai nik wajib foto ribet tolong kembali atur mudah kalo wajib member email cukup nik rawan disalahgunakan ,1,Negatif
segi layan transportasi nya bagus bantu jalan jauh cuman segi aplikasi nya kadang eror kadang lacak gpsnya tambah barcode aplikasi gobiz nya bayar mohon benah aplikasi nya isi saldo guna terimakasih ,3,Negatif
aplikasi sekali tingkat,1,Negatif
senang,5,Positif
mundur aplikasi gob rute daftar member isi nik alamat foto ribet bayang orang surabaya turis asing isi nik daftar login susah login langsung sinkron akun gogle isi macem inovasi mudah sok pintar bikin ruwet ,1,Negatif
apk iki,1,Negatif
aplikasi lot bgt muncul bis lokasi sesuai titik map ,1,Negatif
guna cek rute bis bis nya hilang an,1,Negatif
bantu,5,Positif
kali wira wiri jarak moda saja kes atur jarak moda lain mohon arah sopir nya,1,Negatif
senang minus nya update data tumpang zonk ,3,Negatif
kendala bayar tup up saldo pakai tolong baik singkronisasi data ambil gambar qrgobus singkron saldo topup guna layan baik tolong kendala aplikasi baik saldo belanja ,4,Positif
bantu tracking armada terkadang susah login hadeh,1,Negatif
ac puanas cok meding gak gae ac kocone buka ae ,1,Negatif
ditopup pakai bayar,1,Negatif
lanjur isi saldo balikinya ya mohon tunjuk,2,Negatif
sih bagus aplikasi ini tapi tolong tingkat sistem info halte besar peta jalur halte mesti notifikasi info halte ulang ulang,2,Negatif
laik kali baru kapasitas nungu lama aplikasi kapasitas nyampe halte penuh gimana sih ,1,Negatif
bantu jalan rute,5,Positif
otp jaman nenek moyang dapet ,1,Negatif
gps eror jam sibuk pasti tumpang lokasi feder akurat ,1,Negatif
kak kalo adu mana ya aplikasi dipakek lokasi bus lacak hp sya un instal bolak aja ,1,Negatif
otp muncul susah login,1,Negatif
g fitur lupa pin nya ih saya bingung pakai saldo sayang isi lupa pin faq nya minim banget g member butuh sesuatu yuk baik aplikasi maju ,2,Negatif
bagus alangkah bagus fitur reminder kendara feder bus dekat halte tentu tungu pingir jalan,4,Positif
daftar login payah,1,Negatif
bis henti main pergi ecek halte orang,1,Negatif
sayang aplikasi fitur lacak posisi bis jadwal rute,1,Negatif
hapus foto p nya,1,Negatif
ngaco,2,Negatif
aplikasi sampah,1,Negatif
top up nyaman tolong wira wiri arah wiyung gunung anyar tambah jemput halte rsal berterimakasih bantu itu mohon bijak,2,Negatif
mohon rute terminal benowo tunjung lewat jalan bubut kantor polisi ,3,Negatif
banyak update ,1,Negatif
daftar member bisa n kirim kode otp,2,Negatif
trans jatim koridor aplikasi gob,5,Positif
aplikasi trackingnya lot bus tumpuk muncul trackingnya mohon baik,2,Negatif
informasi sisa kapasitas sesuai mohon perhati,3,Negatif
aplikasi sampah daftar rumit kode otp kirim,1,Negatif
daftar login sih,1,Negatif
 z,4,Positif
efisien murah cocok masyarakat bantu,5,Positif
aplikasi taik eror teros sopir kondektur banyak jajan jalan banyak ngoceh sampek telat kerja fd taik ancen kondektur sopan tumpang gak etika sekali taik,1,Negatif
gajelas data nyala koneksi,1,Negatif
ap an ini registrasi hasil log in dg kendala akun nik temu gak,1,Negatif
sb wira wiri layan baik helper sopir ramah tumpang ,5,Positif
butuh baik segi aplikasi kode otp puol,1,Negatif
kondektur cewek judes tolong benah layan,3,Negatif
layan bagus tata udara ac bis dingin tuk henti halte suroboyo bis bungur perak fungsi pakai konvensional helper teriak tks saran,3,Negatif
gob ap store cari,3,Negatif
aplikasi bagus tolong banyak tukar botol tukar botol terminal purabaya bungurasih hilang strategis tukar botol botol tukar poin dapat laku mingu saja dulu poin saja mingu ,2,Negatif
suroboyo bus jam operasional nya jam malam biar tolong karyawan toko pulang jam malam contoh bus semangi jam malam bus listrik tuju kenjeran jam malam bus kelar nya jam minat moga jakarta bus trans jam,4,Positif
armada dibanyakin lah tungu x penuh,1,Negatif
guna daun bidara sidr terapi ruqyah insya alah fungsi racun bangsa jin bidznilah sarana laksana hukum janaiz jenazah mandi disunahkan rasululah masker lulur kencantikan gangu cerna mencret stabil kadar gula darah derita diabetes manfat wanita mandi haid rangkai amal sunah,4,Positif
kernet pasuk data tumpang masuk udah penuh aplikasi sisa kosong kursi wara wiri benowo tunjungan,3,Negatif
nyaman tp kalo pas jam brkt pulang orang kerja berdesakan,5,Positif
aplikasi baru kait informasi jadwal bis halte sedia susah hitung surabaya bus tolong kembali informasi kait jadwal ksdatangan surabaya bus aplikasi ini ,3,Negatif
aplikasi bagus orang surabaya bus moda transportasi fitur tunjuk trayek bis pergi pergi terminal purabaya stasiun pasar turi tunjuk terang bis jurus pakai henti halte sambung bis tuju moga depa,3,Negatif
nya eror,2,Negatif
rute bus tb eror live track bus nya ada gps akurat,1,Negatif
pakai nik foto nik khan privasi banget aplikasi perintah bobol hecker guna nik ,1,Negatif
layan bagus bis bersih nyaman asih saran akurasi lokasi bis calon tumpang mohon benah akurat terimakasih,3,Negatif
bagus bantu,5,Positif
petsa susah erti,1,Negatif
rute arah surabaya barat perak ,3,Negatif
aplikasi update jelek muncul jalur rute,1,Negatif
feder wira wiri lumayan mudah sih rumah halte minus kadang helper update kapasitas sedia udah lanjur tungu halte pas penuh cek aplikasi kapasitas ,3,Negatif
transjatim koneksi apk benar ,4,Positif
wira wiri kasih bintang kenapa karena kali tungu halte aplikasi rute tulis wirawiri kapasitas sekian nyata halte mobil henti kernet nya buka kaca omong penuh yg tanya kalo penuh tiap track lihat kapasitas penuh tolong aplikasi baik kalo ya lama tumpang asal ,1,Negatif
servis bagus jelek jarak berangkat bus hus purabaya menit,1,Negatif
aplikasi tolol otp masuk lihat jadwal susah tolil sumpah,1,Negatif
aplikasi aneh bayar qris riwayat beli bayar aplikasi riwayat driver ngebut sesuai titik terminal terminal langsung main tingal,1,Negatif
bikin akun verifikasi login hasil wifi data lancar hasil masuk aplikasi gak karpet terbang om jin biar cepat,1,Negatif
edit ulas bintang boleh minum air mineral botol plastik yg sampah buang armada bawa turun kalo tumpang pusing butuh minum dibolehin yuk dibenahin yuk atur spesifik jenis makan minum makan minum armada ,1,Negatif
bus laju cepat henti halte pusvetma tolong buat halte sulit bayar nya,1,Negatif
udah coba top up langsung hbs ok banget tau rute bus,5,Positif
aplikasi bingung guna mudah aplikasi bus suroboyo,2,Negatif
armada bus datang menit tungu bus henti halte ,1,Negatif
aplikasi bagus,4,Positif
aplikasi stabil x jadi kecewa histori jalan sedia histori transaksi ada parah transaksi bayar potong x nomor transaksi sama cs masuk akal ,1,Negatif
eror baik,1,Negatif
bantu pemberitahuan ubah rute ,3,Negatif
habis top up ribu bayar ikhlas jitu ya tolong developer baik sistem,1,Negatif
rute nya suroboyo bus cuman rute bs bus nya gk kayak aplikasi dulu point hilang ,2,Negatif
nya bagus coba,5,Positif
iseng iseng coba daftar coba daftar notif nik pakai ,1,Negatif
saran sih peta integrasi ambil gmaps biar halte pilih,1,Negatif
mantab aplikasi,5,Positif
dbuka rute tg perak mhn haltenyadbikin dkt indomaret dan kalo dbikin atap duduk kalo diri jam lansia kuat terimakasih,2,Negatif
menu tanya sulit guna kota,3,Negatif
update teros sak ulang update peng suwidak jaran onok ubah,1,Negatif
overal bagus tingkat fitur edit profile edit email saya ,3,Negatif
mohon pemberitahuan aplikasi bis pakai trayek itu jadi menit tungu bis jalan oper bos jam tugas dishub tidur ,2,Negatif
daftar login tulis nik sesuai paswordnya tetep pasword temu lupa pasword email daftar sesuai klik email tidal temu uninstal,1,Negatif
suka versi belum info wisata kuliner surabaya ,3,Negatif
kernet wirawirinya ramah,2,Negatif
kondektur gila songong banget sok sok customer senyum mencuret mulu kayak niat kerja,1,Negatif
mudah masy,5,Positif
masuk kirim kode verifikasi buka email ngk email masuk kait kode aps gob ,3,Negatif
udah download uninstal kali kali bus nya mana log in tulis sambung putus rute ,1,Negatif
manfat,5,Positif
aplikasi baik,4,Positif
bayar aplikasi eror kena biaya rb orang aplikasi muncul nominal bayar rp ,1,Negatif
mung jik butuh apik maneh cak lan nk ning wes tepak aplikasi iki gwe warga surabaya ,3,Negatif
aplikasi bentar suruh update,3,Negatif
koneksi putus terus sinyal bagus,1,Negatif
aplikasi jelek kadang posisi bus sedia,2,Negatif
tungu bus jam malam kurang lewatin aja tolong halte check,1,Negatif
lokasi akurat bg junction titik simpang dukuh update baru ubah titik tungu akurat developer aplikasi baik keluh langan abai,1,Negatif
masuk moga tambah rute perak labuh snq labuh kontainer,5,Positif
lokasi guna ada ,2,Negatif
pusat bantu susah kalo pas oknum butuh bantu kmn tolong baik sistem khusunya jam operasi malam driver short cut rute jarang tumpang tungu halte dilewatin,3,Negatif
jalur made hapus,3,Negatif
ruwet up date it sempel ,1,Negatif
lupa pasword nya akun lupa pasword ganti pasword,4,Positif
aplikasi gob update susah pnguna,1,Negatif
tapa update sih update ubah tolong baik apknya min,3,Negatif
update aplikasi ,1,Negatif
update sih,1,Negatif
update,2,Negatif
update,4,Positif
 l uk,2,Negatif
update parah,1,Negatif
aplikasi update terus upadate suruh update lagi tolong ya min update apk nya rang minim update jalur lidah wetan muncul bis nya,5,Positif
mantap,5,Positif
aplikasi sesuai banget posisi unit kebantu pengin unit gob surabaya,5,Positif
ribet aplikasi,3,Negatif
suka aplikasi baru,5,Positif
aplikasi manfat banget update ,5,Positif
ga rute aplikasi kayak,3,Negatif
suroboyo bis cocok,5,Positif
rute lengkap tumpang guna layan pusing cari,1,Negatif
aps nya rada layan wirawiri oke bangetz ,5,Positif
,4,Positif
ap ramah semrawut bintang ,1,Negatif
tracking bus nya mana halte henti,1,Negatif
lot login,1,Negatif
gps teman bus ada harap tingkat,2,Negatif
layan nya bagus,1,Negatif
bantu backpacker khawatir tipu calo moga rata surabaya,5,Positif
alhamdulilah gob wira wiri coba ini hari mingu tangal feb benar pengin nikmat empat teman lansia masyalah benar nikmat banget layan bagus sekali dalam mobil wira wiri nyaman ber ac lagi jd enak turun lakasantri pengin joyo boyo lanjut gobus jmp langan kalo pengin jln terima kasih semua ,5,Positif
tungu bus nya ,1,Negatif
ok,5,Positif
tolong dibenerin arah tow unesa iya bus nya cuman seng ngenteni blawuken bus e budal,1,Negatif
murah riah,5,Positif
overal bagus sih aplikasi fitur fiturnya lengkap semua makasih developer jos tingkat developer kurang tingkat akurat lokasi mana user diri bayang sih user datang lokasi surabaya sih user sesat salah rasional transum,5,Positif
ok surabaya bus feder nyaman aman ,5,Positif
istimewa sekarang moga lengkap jurus nyaman kendaranya amin ,5,Positif
ya teman bus gpsnya,4,Positif
aplikasi top up bayar lebi simpel aplikasi,5,Positif
bagus,5,Positif
bantu,5,Positif
login profil lihat poin sisa mohon bantu,1,Negatif
aplikasi oke sayang kumpulin botol susah kumpul tiket expirednya saja huft capek,3,Negatif
god,5,Positif
ngak rekomen habis instal hp iklan menit udah coba uninstal restart atur iklan hp iklan sangat gangu telfon vc iklan,1,Negatif
ok,5,Positif
mudah kendara,5,Positif
lag nya posisi feder nya p,1,Negatif
diupdate hilang gambar bis wira wirinya jd sulit mantau darimana sampai mohon baik aplikasi,4,Positif
detail gps bus nya indak ada harus ada biar jam halte jam,3,Negatif
bantu transportasi,5,Positif
w gcv cwa gc,4,Positif
bagus bantu guna disabilitas transportasi nyaman terimakasih perintah moga amanah,5,Positif
mantap ,5,Positif
aplikasi tracking teman bus,1,Negatif
aplikasi simpel informatif lokasi tuju wisata cantum bus rute turun halte mana bingung kalo lokasi tuju ,4,Positif
feder wira wiri tungu berangkat banget terminal padahal penuh tapi tungu mnt berangkat kata berangkat ,2,Negatif
lapor sopir nakal ya lapor salah sopir kernet tumpang tungu halte dilewatin aja diri jalan loh lambai tangan coba tolong ya kasih lapor kali alami jadi sama bayar ngomelin sopir ngebut ngawur khusus tangal des bis surabaya kode sb ,1,Negatif
ngotak kalo pindah halte mojokerto beritahu ojek dancok aplikasi kntl,2,Negatif
poin tukar botol hilang bagaimana ,1,Negatif
keren dan operasi listrik mgk aplikasi ivon neda listrik merah trm ksh smg depan meningjatkan layan ,5,Positif
ui ux aplikasi user friendly pas instal cek posisi halte map kosong isi nama jalan posisi bus halte bingung ,2,Negatif
wira wiri jam mobil ,5,Positif
god,5,Positif
gilir unduh eh buka ,1,Negatif
ololy,5,Positif
fd kalo tungu jam malam,1,Negatif
bagus banget aplikasi god job,5,Positif
gob pokok sempurna ,5,Positif
kadang suka nge time kecepeten tungu pas eh pas jalan ngebut nguber waktu w ugal,1,Negatif
mantab,5,Positif
murah nyaman,4,Positif
aman nyaman bersih kualitas,5,Positif
bagus cepat,5,Positif
maf lewat feader halte,1,Negatif
senang jalan giat kelompok,5,Positif
mantap,5,Positif
cari rute benowo galaxy mal,5,Positif
transportasi aman nyaman banget deh kurang polusi pas banget kemana capek kendara ayo transportasi publik pasti lupa sing ful senyum smuanya,5,Positif
tolong halte nya daerah kedung klinter jurus tunjung benowo halte kedungdoro embong malang,3,Negatif
suka banget monitor jalan bus mana ,5,Positif
peta akurat peta apa mana lumayan loh km asli kasih fitur langsung medayu untag sistem langsung pakai transit mana estimasi jalan transit biaya,1,Negatif
ok,5,Positif
aplikasi ngebug tbtb muncul bis hp cuman muncul jalur halte aja hp muncul lengkap tuh ,4,Positif
mohon tambah henti masjid agung al akbar surabaya,4,Positif
best layan transportasi i have ever sen karyawan ramah pol cermin jowo seng ramah tamah matur suwun surabaya bus gob diri rumah sby kantor ful angkot pintu baik,5,Positif
kemarin pas pulang unesa wilangun tarif kernet perempuan suruh bayar kasih ktms mau mau bentuk fisik engak ya maklumin sih x nya pas bareng teman perempuan pulang kali bentuk fisik ,2,Negatif
aplikasi buka ya,2,Negatif
super,5,Positif
gob cepat layan informasi bus suroboyo wira wiri dl top pokok e,5,Positif
bantu rencana perjslan,5,Positif
bantu go bis,5,Positif
nyaman tugas ramah,5,Positif
diupdate versi aplikasi gob buka ,3,Negatif
bagus,5,Positif
alhamdulilah mudah mahasiswa pulang pergi kuliah,5,Positif
,5,Positif
bantu posisi bus jadwal bus okupansi bus ,4,Positif
jujur senang kecewa benar kecewa berat sih tungu bis jam set pagi jam set bus terminal transposinya bagus mohon dishub baik terimakasih ,2,Negatif
tolong kalo hire tim ui ux jujur tampil jelek sekali bikin kena studi banding aps jaklingo ,2,Negatif
aplikasi kelar diupdate log out sendiri balikin type update ya maklum pakai anak sekolah ,5,Positif
aplikasi sih ini ga wira wiri isa klik jadwal ada kudu gogle gogle jadwal jadwal palsu bus ya guna isa lihat letak doang jadwal ada fungsi aplikasi apa mana ancernya lokasi doang palsu salah notif halte dateng wira wiri dinaikin ngak tungu jam halte bus wira wiri ya lagi minimal tulis terima,1,Negatif
perbaikin gl daftar member nih nge stak foto nge bug,2,Negatif
saran sih aplikasi kasih fitur mana kasih rute bis saja jujur bingung,4,Positif
trimakasih surabaya bis sayakerja kerja lambat surarabaya bus makasih suroboyo bis,5,Positif
moga tingkat aplikasi launching apstore,5,Positif
alhamdulilah mudah nyaman aman mobilitas surabaya,5,Positif
kurang kapasitas tera unit kadang sesuai wira wiri mohon baik terimakasih,4,Positif
halte dishubsurabaya,5,Positif
w ramah henti stop bilang henti bawah halte feder bilang mohon maf penuh feder w marah marah diri menit panas soprinya lihat mohon sdm didik ramah ,1,Negatif
bagus,5,Positif
bagus alangkah baik aplikasi fitur informasi guna lokasi tuju transportasi saja guna tingal masuk titik lokasi tuju gogle maps tampil rute bus wirawiri lewat tuju sebut guna bingung transit pindah transportasi lain ,4,Positif
aplikasi super update rute,5,Positif
download wira wiri,5,Positif
pg anak berangkat sekolah terminal bratang wira wiri fd turun genteng krn sekolah daerah sana ada naik wira wiri turun pandegiling moga kemarin ktk bratang tuju sekolah bingung dia knp beda rute ,3,Negatif
bantu suroboyo bus ini transportasi aman nyaman berangkat pulang kerja terima kasih suroboyo bus ,5,Positif
brguna banget guna transum sby,5,Positif
suka aplikasi wirawiri trans jatim gabung aplikasi ini repot ecek aplikasi trans jatim update gampang jadwal baru suroboyo bus wirawiri trans jatim ,5,Positif
mohon tambah armada wirawiri rute mayjend balai kota karena tungu,5,Positif
bagus,5,Positif
lpl ,5,Positif
mantap,5,Positif
bagus suroboyo bus koridor gununganyar kenpark unesa laguna tracking pantau update posisi ,4,Positif
rute kenjeran wonokromo list ya ,3,Negatif
bantu sih jalur kenjeran gunung anyar dah aplikasi tpi lihat bus arah situ beda aplikasi lihat jalur bis itu ,3,Negatif
jadwal berangkat bis kacau contoh juli sb jadwal bungur lambat berangkat jalan kerja lambat kantor kadang maju berangkat bis kondisi bus nyaman rusa hidrolik pintu susah tutup kursi sedikit tombol stop rusak ac siang panas,3,Negatif
guna warga surabaya,5,Positif
bagus manfat,5,Positif
g isa buka vivo vlite,1,Negatif
update rute unesa its muncul,1,Negatif
moga aplikasi lengkap info halte dekat pilih tuju mudah guna apk ojol ya jujur sulit apk ini sayang kalo bus bagus manfat optimal moga saran diterima ,2,Negatif
alhamdulilah kepedu cak erik walikota surabaya masyarakat surabaya sedia angkut biaya jangkau kami wirawiri benowo tunjung bungurasih informasi cak erik henti turun naik tumpang jarak duduk atap kare nya kalo musim hujan tum pang tungu angkot wira wira panas hujan an ,5,Positif
wes rute tij tow ganti unesa tow longor pol poleh enak numpak wira wiri sumpek,1,Negatif
i m realy to love suroboyo bus because the best,5,Positif
sip,3,Negatif
sip,5,Positif
,5,Positif
update nya cepat tambah rute tow unesa,3,Negatif
aplikasinye bagus bantu ane surabaya ane jakarta kali surabaya salut drivernya ramah bantu memberihkan arah jalan,5,Positif
muas bantu,5,Positif
top scorer,5,Positif
kok i,2,Negatif
nyaman pegawenya ramah,5,Positif
bantu top surabaya,5,Positif
aplikasi jelas manfat mana ,1,Negatif
bis tayo suroboyo,5,Positif
tampil aplikasi mohon baik biar fresh mudah guna,2,Negatif
aplikasi angkut baik bantu penuh butuh warga surabaya sekitar ,5,Positif
jadwal sesuai bus henti halte langsung,1,Negatif
top,5,Positif
bagus sih ya supirnya galak bus supir rada galak omong ngegas tau kasih tau baik ngegas mohon tindak,3,Negatif
ac dingin tumpang mohon perhati ntk nyaman tumpang,3,Negatif
bagus,5,Positif
rute wira wiri rute camat oper jalan rute,4,Positif
rute mer,1,Negatif
hp terinstal buka aplikasi,1,Negatif
ditracking suroboyo bus nya loading min mungkin baik ya,5,Positif
luncur ac bus dingin asa sauna usul jam layan panjang jam malam kerja pusat belanja tutup jam malam diap antarmuka tambah menu jadwal berangkat,1,Negatif
tolong umum muncul terus layar terus bosan,3,Negatif
puluh fasum coba kepo banget hahahaha enak adem nyaman nyamanya tumpang berisik asa kendara pribadi ,5,Positif
x alam terminal bungurasih tangal pkl wib lari masuk bis langsung tutup kursi kosong gilir tumpang cewek langsung buka pintu mohon maf bus khusus cewek gender ,1,Negatif
top bus,5,Positif
suroboyoku bersih hijau,5,Positif
bantu suroboyo bus semangi suroboyo transpotasi aman nyaman terima kasih jasa ,5,Positif
bonbin bungurasih gratis tis tis lansia maturnuwun gob,5,Positif
klau halte rsi lewat w nya habis pulang sekolah lewat tungu depan stop bus,3,Negatif
nyaman,5,Positif
mudah beractivitas hemat,5,Positif
lancar moda transportasi surabaya,4,Positif
aplikasi bantu pantau posisi feder guna,5,Positif
waw,5,Positif
aplikasi untung guna suroboyo bis,4,Positif
sekolah smk smk,4,Positif
daftar member tungu kode otp email masuk alhasil membernya dintefikasi aplikasi tolong mudah,4,Positif
great ap god job,5,Positif
tata rapi beda bus,5,Positif
bantu sekali ,5,Positif
skripsi serta alat transportasi sebut ,2,Negatif
rute kenjeran kenpark,2,Negatif
moga tambah halte bis tayo tiga greges margomulyo,5,Positif
manfat masyarakat hari transportasi umum ,4,Positif
gob bantu masyarakat,5,Positif
mantap nyaman aman,5,Positif
habis baru lengkap fiturnya aneh,1,Negatif
nyaman bantu,5,Positif
aplikasi bagus saran koridor lengkap lagi destinasi info kendara naik destinasi tutup thr hapus menu aplikasi ,1,Negatif
parah sih wirawiri suroboyo nomor w barusan tingal kasih tanda stop tungu halte tandes henti langsung tingal kosong dalam parah parah sumpah,1,Negatif
apk tipu bro modus gobiz suroboyo bus,1,Negatif
god beda kayak operator bus semangka,5,Positif
tumpang halte henti niat nga ,1,Negatif
bantu orang tdk kendara,5,Positif
lot,1,Negatif
aplikasi bagus saran informasi layan sperti aplikasi deteksi halte dekat fitur peta rute jaring tranportasi kota surabaya fitur peta halte lalu bus format gambar fitur rekomendasi tranportasi wisata rute tempat wisata mudh baca informasi moga integrasi stasiun jalur tranportasi lain ,3,Negatif
aplikasi gob sedia ios anak kesulitas aplikasi gob ya ios ada mohon perhati terima kasih ,2,Negatif
hrs benah moga citra awal semangat nmun lupa ,2,Negatif
rute bus unesa its hilang bus operasi rute hilang kalo saran kritik mohon folow up,1,Negatif
bagus,5,Positif
jadwal gogle datang bis tingkat sdm nya canda bus jalan surabaya mantap luas macet kecewa banget lari ngejar pas halte bis nya ampun deh jadwal kacau suroboyo bis ini ,2,Negatif
informasi kait halte,4,Positif
keren modern murah,5,Positif
ratingmu bohong boz apk cangih akomodasi transportasi kekuraganya,1,Negatif
letak nan lokasi akurat,3,Negatif
penasaran,5,Positif
thanks you very much,5,Positif
bantu posisi suroboyo bus wirawiri suroboyo feder,5,Positif
coba dulu ,4,Positif
bus wara wiri mohon kasih gos tracking armada donk biar tau lokasi nya mana biar mudah cek lokasi bus,4,Positif
bintang daftar member bug ngambil foto galeri benah,1,Negatif
aplikasi iso buka yo opo iki min pdhal wes update,2,Negatif
daftar tingal masuk kode otp info masuk gmail log aktif sama kayak mohon bantu terimakasih,3,Negatif
saran bus berangkat bungurasih tugas nya obrol langsung tumpang scan bayar bus jalan a yani tumpang scan turun cito lelet sat set sampah botol bungkus permen kursi kumuh ,1,Negatif
lot ya aplikasi ya,3,Negatif
moga real time baik bug,4,Positif
buka hape samsung galaxy a posisi android ,1,Negatif
aplikasi buka susah uninstal deh,2,Negatif
tambah akses top up uang elektronik kartu member aplikasi ini contoh shope pay g pay bayar laman nya sendiri menu rute bus ketuk ikon bus nya muncul jenis chasis nya contoh sbt mercy ocrf ,5,Positif
pagi aplikasi gob surabaya pakai tulis gagal harap hapus ,1,Negatif
driver bus nya ramah,1,Negatif
rute mer ken park jalan desember ulas tulis management pemkot surabaya selengara transportasi ,1,Negatif
saran ya aplikasi pilih wisata cantum nama halte henti gaperlu bingung cari halte henti terima kasih,5,Positif
oke,5,Positif
mudah jalan saya surabaya jos,5,Positif
mahal ngepul botol poin eh bijak poin expired bulan,1,Negatif
ok,5,Positif
saran ya pakai teman bus gojek grab biar enak pakai gob bus surabaya ribet nya ampun hatle stop bus nya tanda lokasi hatle lokasi stop bus nya meleceng map nya inti nih bus naikin susah ,1,Negatif
bantu,5,Positif
lancong surabaya download aplikasi harap bis aplikasi bantu temu rute bus naik titik tuju tuju tidak aplikasi rute bus mereka dasar koridor saya datang ya tau koridor coba aplikasi nya upgrade lagi info halte dekat saya kali transit ganti bus capai tuju saya ,1,Negatif
rute unesa its posisi update bus lewat buang tungu tau bus dmana tungu brngkat kerja juga moga baca evaluasi masuk ,1,Negatif
sip sangat bantu mantap,5,Positif
kasih pemberitahuan notifikasi hp aplikasi ini notifnya bis suroboyo operasi demo dsb tumpang bis rute purabaya kecewa bis tumpang hari mohon erti kami,2,Negatif
bus surabaya krn buru qr kode jalan diturunin orang bru tolong kryawan bus surabaya sana punya dibantuin ato gimana ngmong mbak sebentar ya telepon suami tf pokok bayar perjlnan jauh rajawali bungurasih tlong ya baik nurunin orang enak nya tangal ,1,Negatif
very god,5,Positif
layan nya masyarakat bagus aplikasi kadang kadang,5,Positif
up date baharu informasi,1,Negatif
aplikasi bantu bulan rute unesa its muncul posisi bus halte hilang peta aplikasi peta update panjang rute sekarang moga baik rute bayar mohon tingkat layan nya harap tambah jam operasional nya jam ,5,Positif
aplikasi bantu jam daerah unesa its,1,Negatif
mohon panjang jalur sb kenjeran gunung anyar kenjeran bandara juanda gera manusia tingal kendara pribadi bantu gera orang bandara juanda asai taxi mahal bis murah panjang rute bantu masyarakat kantung mukim kantung industri pondok chandra wadung asri tambak sawah tropodo pabean ,5,Positif
bus suroboyo bagus jalan arjuno ada moga tumpang bus arah bungurasih fly over pasar kembang,2,Negatif
tolong tambah halte arah terminal joyoboyo osowilangun turun halte margomulyo jalan arah tikung greges tambah halte terang jangan tempel stiker plakat saja mana dana perintah lokasi lampu stiker tumpang susah cari halte untuk lebih bagus nyaman halte rute margomulyo minim halte ,3,Negatif
bus surabaya teman bus satu rata rute surabaya aplikasi nya update akurat tambah beli tiket online aplikasi,1,Negatif
ya daftar member pilih foto awal coba,1,Negatif
tolong rute mer armada nya bus beroprasi kasi berangkat kerja tungu jam an semenjak panjang rute tij yono soewojo,3,Negatif
aplikasi berintregasi ber multifungsi informasi jalur jalur juga terimakasih,5,Positif
ok,5,Positif
aplikasi bantu dishub kota sby informasi cuaca halte bantu guna pergi ,5,Positif
bersih,5,Positif
mud ramah ,5,Positif
rute tolong diupdate unesa its sesuai aplikasi,5,Positif
mantab pol,5,Positif
suka bis ini akhir siar kalo smpek mn turun marmoyo mesti kebablasen purabaya krn joyoboyo oper bis wiyung helper nya pernh omg nympek halte apa ,2,Negatif
bantu kurang bayar pakai kartu e tol kartu e money tingkat ya sekian terima kasih,5,Positif
info baru bayar pakai apa kalo botol bisa mkstnya pakai dana gopay,4,Positif
kasih bintang kalo layan buruk kasih bintang ,5,Positif
super ap thanks ,5,Positif
foto profil ganti menu ubah profil bisa mohon baik,4,Positif
susah rakyat kecil bis senang anak bisa gara gara hp an pakai aplikasi,1,Negatif
tau anak bis mayapada tingkat tsb bayar aplikasi pemuda tawar bayar aplikasi milik tolak sih kondektur anak paksa turun halte ikut tanya kacau asa anak ,1,Negatif
bayar pakai e money masuk bus suruh turun saldo shopepay kurang kalo top up transfer akun kasih biaya top upnya mau mohon tugas nya layan masyarakat mudah robot toleransi warga surabaya tamu kota surabaya akun e money akun e money saldo nya kurang angkot jarang sekali dulu sekian,1,Negatif
posisi bus deteksi bus nya berangkat sesuai tentu,2,Negatif
bantu,5,Positif
bantu transportasi,5,Positif
mantap,5,Positif
bingung ya pakai arah mayjend takut nyasar,1,Negatif
login eror email pasword benar terima kasih,3,Negatif
mantap,4,Positif
rute unesa its kasih posisi bus trans semangi biar kosong aja biar ribet instal aplikasi ,3,Negatif
bus surabaya the best,5,Positif
bantu mahasiswa,5,Positif
layan nya bagus nukerin botol camat aplikasi ini mantap deh surabaya,5,Positif
bagus,5,Positif
cakep banget,5,Positif
time table mu ampas iki aplikasi arek magang seng enek product manager e pasti ,1,Negatif
alhamdulilah bagus,5,Positif
bagus,4,Positif
kalo surabaya bis lewat taman wisata obyek wisata surabaya,4,Positif
prioritas nakes tq,5,Positif
suroboyo bis mudah mana apa uang tranfot tabung trakasih gob suroboyo ,5,Positif
bantu posisi bis ,5,Positif
pusing coba aplikasinya tombol search mana entar tingal masuk halte turun halte mana rute contoh mer its langsung arah galaxy ,2,Negatif
ok,5,Positif
tolong kasih tau pakai nya ,5,Positif
gob suroboyo ya,5,Positif
layan ramah,1,Negatif
maf layan suroboyo bus rute unesa its aktif apk gob dan layan rute lidah wetan kejawan putih trans semangi suroboyo apk gob mohon tangap nya masyarakat kecewa transportasi suroboyo bus program walikota surabaya tri rismaharini terimakasih ,4,Positif
tanya knp alplikasi buka tlg,5,Positif
keren,4,Positif
oke,5,Positif
daftar menber,2,Negatif
alhamdulilah akun aktif go bus asyik,5,Positif
ok,5,Positif
kasih bintang download aplikasi sulit mutermuter tok,1,Negatif
banding jakarta transpor surabaya turut kurang rute bus jangkau daerah surabaya sekitar kalo rute tambah ampel situ lumayan padat orang pulang pergi ampel trus tiket naik lumayan mahal jangkau,1,Negatif
koridor unesa its muncul rute aj bus jalan ,3,Negatif
login pakai email ya tulis pasword alamat email salah email pasword ku,2,Negatif
mantap tingkat layan,5,Positif
rute unesa its ksihan ajar susah transport,2,Negatif
sy bintang nilai bagus transportasi surabaya tolong perhati bayar orang aplikasi m banking hp muat qris kalo helper saldo orang fasilitas m banking lain y mudah pergi transportasi bus suroboyo terima kasih,5,Positif
daftar foto up tau,3,Negatif
bagus banget contoh angkut kota lain warga surabaya hafal jalan tolong wisata tempat kasih tanda map jalan bus nya rute bus cantum tau ganti bus daerah aja terima kasih suroboyo bus sudah kesan jalan kota surabaya ,5,Positif
voucher tukar botol tukar mana opo ya buang saja gak onok kompensasi ,1,Negatif
aplikasi bantu bis suroboyo ap ini saran fitur chat customer service berita update langsung edit pm kesel banget pengin nang tulis pulang kerja lihat orang bis sb henti alias lambat laju langsung pergi henti halte kecewa ,2,Negatif
muas layan nya,5,Positif
armada rute,5,Positif
gob bantu,5,Positif
gps akses tumpang ,5,Positif
nice aplikasi surabaya ,5,Positif
bus beroprasianal ta ,5,Positif
bantu,4,Positif
mudah transaksi tiket bis,5,Positif
prosedur partisipasi umkm aplikasi gob suroboyo,4,Positif
aplikasi baik ,5,Positif
daftar notifikasi eror,1,Negatif
aplikasi mengunakanya,5,Positif
lihat gera bus nya ya kali tugas mslah jaring ibu samping lihat knp lihat busny,5,Positif
min rute nya tambah surabaya utara rajawali,1,Negatif
ga asyik sb ditunguin henti bus pintu bis buka tingal ditriakin henti,2,Negatif
senang,5,Positif
syukur nya bus suroboyo gagas walikota bu risma fleksibel walikota eri cahyadi bantu masyarakat kota surabaya mari budaya bus tips hemat ga capek tips kurang macet tips kurang polusi sukses kota suroboyo rek rm,5,Positif
bagus biar bawa botol plastik,1,Negatif
transportasi nyaman bantu masyarakat,5,Positif
deskripsi tempat wisata religi kulier museum surabaya,4,Positif
gw tungu halte dilewatin doang henti sesuai halte bus nya dikit jauh tungu lama ,3,Negatif
senang suroboyobus ini jdi jalan anak,5,Positif
aplikasi lumayan bantu atur profil member susah pulih akun lupa pasword ada mohon baik ya,2,Negatif
ok,4,Positif
susah masuk daftar email kali bisa masuk kode,1,Negatif
betul mingu nya libur jam efektif nya salah nya atur efektif benar ,1,Negatif
aplikasi guna,5,Positif
mbantu,5,Positif
gimana sih min sampe ganti email bolak daftar member ,1,Negatif
yuk,5,Positif
harap fitur ganti alamat email ,1,Negatif
eror posisi bus tepat,2,Negatif
ok banget bantu sekali ,5,Positif
service nya lumayan bersih jaga bersih mantap pokok e rek,5,Positif
service,5,Positif
ok,5,Positif
recomended deh jalan surabaya,5,Positif
bantu,5,Positif
halo kak nanya coba naik bayar nya pakai tunai ya pakai botol rumah botol bekas,5,Positif
nyaman bersih bis nya pokok e enak dech dan bantu mksh srby bis,5,Positif
bantu aplikasi dinformasikan maks jml tumpang naik angkut nol calon tumpang cari angkut alternatif lain tungu lama tungu zonk kasihan ketemu calon tumpang usia lanjut bawa hp hp jadul moga perhati mang bijak terima kasih ,4,Positif
aplikasi fungsional baik saran kembang ui ux nya lagi biar user betah aplikasi,5,Positif
bantu ada bus mana ,5,Positif
tdk tungu kecuali kalo penuh,5,Positif
regis indak bisa bad ui ux daftar pasword nya kasih secure field text kalo disen kasih fiturnya leta petak masyalah min loh orang surabaya kompeten,1,Negatif
bagus,5,Positif
buruk,1,Negatif
ya aplikasi bus ya rute bus ya mana sudah bolak cek rute bus ya mana mohon bantu,4,Positif
,5,Positif
suka keliling surabaya yeay makasih,5,Positif
ok,5,Positif
coba angkut,5,Positif
min tolong baik login dong email masuk verifikasi data akun nih,3,Negatif
ubah profil muncul pasword isi minimal karakter ganti pasword tolong solusi,3,Negatif
gpsnya kadang,5,Positif
timetable bagus sayang update geser kanan kiri diperbaikin ya,3,Negatif
kasih terang bus posisi ful nampung tumpang jos aplikasi ,4,Positif
samsung gift indonesia hebat cerdas ,5,Positif
layan baik bus nyaman bersih,5,Positif
neng tracking posisi bus simpan poin tukar botolx,5,Positif
bus terbaik ,5,Positif
bantu ,5,Positif
daftar ribet ya akun eror lah daftar pakai akun lah pasword salah lah mau sih ribet botol masuk point angus nih tolong dishub sulit masyarakat dong pakai stamp kayak kemarin saja bikin ribet aja,1,Negatif
,5,Positif
god,4,Positif
daftar loadingnya lama habia refres daftar tulisnya akun daftar login ,3,Negatif
tungu tungu jalan bus sedikit ,1,Negatif
perfect banget suroboyo bis ini gratis bayar pakai sampah plastik nyaman puol pulang pergi kerja bis ini moga rute jangkau jangkau lyn angkot suroboyo juga baik nasib supir angkot karyawan suroboyo bis moga limpah rejeki sehat amin saran bayar pakai linkaja ovo,5,Positif
coba armada pengin banget naik bingung tukar botol numpuk kantor kerja rumah ,5,Positif
gob suroboyo,5,Positif
god,5,Positif
aplikasi bus,4,Positif
bantu banget gob nyaman bersih,5,Positif
baik,5,Positif
layan kecewa sopir omel pula bilang henti arah halte rajawali henti halte pemkot huh ,1,Negatif
maf kasih bintang aktif,3,Negatif
tolong bayar nya pakai e money,1,Negatif
tolong tolong mncul point nya ap eror srh online mber tukar botol malu enak tugas cecking tiket en ribet juga lekas baik ndan ,1,Negatif
kali kali antri naik tugas bus penuh bus kosong tungu bus belakang bus sampai bilang penuh bilang bus kosong eh penuh terus gue pakai scan halte kagak fungsi eh pas tugas bilang penuh pamer lambai lambain tiket masuk ak i just want go home dah pas bus pulang eh tugas masker dicantolin leher,1,Negatif
tolong kakak mbak developer informasi jam operasi bis dipasng informasi aplikasi,5,Positif
scan tungu halte fungsi tolong konsisten menit bus biasa ngetem budhal teko halte embong malang halte darmo park jam lebih iki bis piknik gawe wisata opo bis suroboyo ,1,Negatif
email sugnup manual daftar kan lama baik apsnya,1,Negatif
apik pol,5,Positif
atur suhu nya rusak tolong ganti nya pas ecek omong nya suhu nya ecek suhu tingi sih alat suhu rusak pakai,1,Negatif
mantul,5,Positif
mantap bang jago,5,Positif
manfat,5,Positif
tolong baik sistem bikin membernya x daftar bisa loading trus masuk akun daftar login bikin pakai akun gmn sih niat mudah sulit berkembang deh sistem member,1,Negatif
god geprek ,5,Positif
bagus kerene apknya,5,Positif
ok ya,5,Positif
asa bus negeri,5,Positif
bus nyaman bantu kerja sukses surabaya bus,5,Positif
sip,5,Positif
pake im icon bis muncul nih bisa tolong baik ,1,Negatif
posisi bus jaring bagus,3,Negatif
eror muncul rute nya mana dm ig nya bilang sinyal saya aneh pdhl kuota g gb,3,Negatif
go bis bantu banget bersih nyaman sdh bantu gob cm t akhir apk nya akses pakai jaring inet saya sdh uninstal instal ulang ber kali saja sy lihat posisi armada kalo pakai jaring wifi apk masalh go bis bisa sy provider blm bisa pakai,3,Negatif
ngecek posisi bes nya kuota penuh ,2,Negatif
terkadang gbr bus rute lihat ,3,Negatif
aplikasi dalama baru aplikasi pakai,5,Positif
akurat,5,Positif
seru banget bis ini nyaman juga depan buat rute tempat wisata suramadu hutan mangrove kenjeran biar enak terimakasih,5,Positif
aplikasi tarik fungsi bantu orang kendara,5,Positif
bus nyaman bersih aman mohon armada bus jalur unesa its halte tungu nyaman duduk tutup panas,4,Positif
i m realy to love suroboyo bus because the best,5,Positif
,4,Positif
aplikasi bantu moga bus tambah terimakasih bu risma,5,Positif
bu risma rute biar kayak korea bu enak halte bis cakup wilayah ,3,Negatif
layan lambat henti katajya cuna menit setengaj jam tengah jalan ngetem beli makan keindomaret layan masyarakat ya rugi,1,Negatif
bus surabaya bersih nyaman ac nya adem pokok e the best,5,Positif
mentang bayar botol layan e koyok telek enak blas ,1,Negatif
sempat naik moga,5,Positif
pencet,1,Negatif
suroboyo bus adakan suroboyo ojek taxi angkot bus kota gandeng ojek online taxi online ada buat aplikasi sopir angkot bus kota win win solution kondisi ojek online taxi online angkot bus kota relatif sepi buat becak juga jadi botol gelas plastik tukar saldo transportasi online belanja online transaksi lain ,3,Negatif
soroboyo bus soroboyo bus soroboyo bus,5,Positif
bagus monitor gera bus nya utk armada kurang tungu lama ,3,Negatif
pandemi covid suroboyo bus tuju apa lenapa turun sesuai tuju saya ingat kali jalan kalo jalan salah kalo jalan tuju,1,Negatif
gatau bus nya posisi henti mana scan barcode bisa mohon baik,2,Negatif
coba mantap,5,Positif
bantu,5,Positif
akurat bus nyaman sekali ,5,Positif
lihat posisi gob,5,Positif
enak banget bus suroboyo nyaman aman salut go bus,5,Positif
bantu gob mohon d perhati masyarakat surabaya gob baik jaya lancar terima kasih bu risma sayang masyarakat berkah kru gob,5,Positif
bersih nyaman,5,Positif
bersih nyaman aman tepat waktu sangat bantu masyarakat kecil betul pihak masyarakat kalo pikir terobosan pihak masyarakat terimakasih bu risma suabaya maju karena kerjasama masyarakat,5,Positif
keren banget moga kota surabaya modern rapi bersih indah ,5,Positif
mantab,5,Positif
aman bersih,5,Positif
oke aplikasi,5,Positif
tracking map posisi bus lihat posisi baik aplikasi ,1,Negatif
gob transportasi bersih aman nyaman tkq gob ,5,Positif
tingkatkn pelayan,5,Positif
seru kaliya kalo benowo ada moga tambah rute tervapai surabaya putar bus ini layak trans jakarta trans semarang,4,Positif
aplikasi bagus bantu butuh rute angkut sby mohon baik maps angkut wisata taman mudah cari rute jalan,5,Positif
bus lama tungu halte menit tolong dishub surabaya unit m bus tambah thanks,5,Positif
,5,Positif
manfat ,5,Positif
min pakai gelas kfc mcd tehracek tongtji dl gak,5,Positif
aplikasi bagus mal nya tingal jmp pasar atum mal itc bang junction grand city ,5,Positif
download aplikasi langsung pakai alhamdulilah puas lokasi titik bus akurat ,5,Positif
mantap,5,Positif
aplikasi bagus sip tdk terang wisata detail lokasi biaya msknya tlng baik update versi baru terima ksh ,4,Positif
bantu posisi bus halte dekat,5,Positif
bagus layan bis nyaman banget kru nya ramah sayang layan kota surabaya tolong tambah unit dong lumayan simpan motor alih pakai suroboyo bus wkwkwk,5,Positif
ok,5,Positif
pakai benar keren banget rasa jadul tau ap ini benar guna banget ap guna suka transportasi,5,Positif
ganti hp,5,Positif
lap jumat januari jam jalan basuki rahmat sya jalan jalur kiri pelan pelan tiba bus klakson belakang bikin kaget jatuh nyalip klakson ambil kanan dikit lajur kanan sepi rambu garis lurus panjang tolong kasih tau sopir maf terima kasih,1,Negatif
mayan puas,4,Positif
suka banget bis bikin pusing nyaman prjlnan,5,Positif
ok banget ,5,Positif
mantabz ,5,Positif
 tp kadang aplikasi eror,4,Positif
bantu karyawan,5,Positif
bantu manfat,5,Positif
bagus guna baru kasih prosedur suroboyo bus min ,3,Negatif
layan memuaskam terminal purabaya antri pangil daftar sebelemunya bus penuh pangil bus lanjut kecewa ,1,Negatif
ada bis suroboyonya,5,Positif
coba sip bintang,3,Negatif
susah akses ,1,Negatif
bantu masyarakat surabaya,5,Positif
gak faedah,1,Negatif
god,5,Positif
nyaman,5,Positif
sip,5,Positif
mantap,5,Positif
bagus,5,Positif
go bis lokasi suroboyo bus naik,5,Positif
bagus,5,Positif
kali muncul ada bis nya hp muncul bingung pulang rumah jauh ,3,Negatif
bagus,4,Positif
 posisi bus purabaya rajawali,4,Positif
bis nya bersih pegawai nya ramah santun ,5,Positif
cintah sekali,5,Positif
coba scan bus dekat bisa ayo aplikasi update maksimal bantu masyarakat surabaya,3,Negatif
sip ,5,Positif
gambar warna biru bis lacak pakai mending uninstal hp penuh,1,Negatif
bagus posisi bus muncul map rute halte nya muncul kecewa sekali telat kerja kali gara gara tungu bis tau posisi mana tolong baik aplikasi rakyat kayak ,1,Negatif
kelola kayak ya maksimal mantau bis bisa sih tolong ya diperbak biar mantau mempermhdah jalan,2,Negatif
maf aplikasi muncul posisi bus,2,Negatif
muncul ada bus nya,4,Positif
muncul akhir nyaman,4,Positif
posisi bus lagi pantau posisi bus ,1,Negatif
halte bis ya ,3,Negatif
habis update icon bis nya hilang ini tingkat basmi bug sebenernya ,2,Negatif
halte bis muncul gimana sih,1,Negatif
lokasi bis halte,1,Negatif
eror halte bis,1,Negatif
gk lihat posisi bis n halte,1,Negatif
ecek lokasi bus e sih bus transportasi sopire gangu aplikasi tolong aplikasi baik kalo layan bus oke,1,Negatif
,5,Positif
halte min daerah tiga waru sd kedungrejo mana gitu biar jarak bungur tangal ,4,Positif
aplikasi bagusan dlu dlu lokasi user bus nya lagi ,1,Negatif
daerah surabaya pakai ap bantu terminal bus cuman baik ap tambah fitur gps tentu posisi mana ntap,3,Negatif
jadwal jam operasional bus surabaya ,4,Positif
alhamdulilah ,5,Positif
bus malam jakarta solo sped cepat,5,Positif
aplikasi bantu tetapi max guna misal peta bus ada bus muncul sekali hanya warna biru polos tampil tlg sempurna aplikasi biar mengunakan jgn ambil untung pribadi habis downlod krg max capek deh moga cepat sempurna apl gob sby ,2,Negatif
ink gambar nunjukin bis hilang ya tolong cari tau kenapa tau bis mana,4,Positif
posisi bus jalan ada aplikasi cobak ,1,Negatif
terimakasih banyaksangat bantu,5,Positif
tolong armada unesa its banyak tungu lama banget tungu halte urip sumoharjo bis purabaya rajawali x unesa its gadateng terima kasih,4,Positif
bantu,5,Positif
unesa its malam turun mayjen sungkono coba turun mayjen sungkono juga go bis konsisten pelayananya tumpang sia tungu lama terimakasih ,4,Positif
bagus,5,Positif
kasih jadwal berangkat dong biar kita tau tungu halte,2,Negatif
surabaya bus tangal ,5,Positif
bagus bantu,5,Positif
god,5,Positif
mantap,5,Positif
puas,1,Negatif
manfat ,5,Positif
mantap,5,Positif
bagus,5,Positif
aplikasi mapny baru kalk tampak satelit gogle map,2,Negatif
bantu,5,Positif
bantu bis suroboyo jauh tungu angkot terima kasih bus suroboyo,5,Positif
ko gk dah maps gpsnya tolong baru aps,5,Positif
coba,4,Positif
top,5,Positif
mudah identifikasi ada tumpang,5,Positif
enak mantau lokasi bus dekat god banget deh,5,Positif
coba pakai sampah kertas juga kertas bekas printan skripsi,5,Positif
bus tumpuk operasi ya ,5,Positif
bingung serta lokasi nya bis wisata peta aja bingung naik,1,Negatif
saran buru buru ,1,Negatif
keren nih ap mudah guna angkut sub inovasi min ,5,Positif
msu langan,4,Positif
tau,3,Negatif
sayang aplikasi lengkap jadwal datang berangkat bus ,2,Negatif
bom coba moga aplikasi nya brmanfat warga kota surabaya,5,Positif
hebat,4,Positif
very god,5,Positif
kao tolong akungkutan margorejo ya anak sekolah,3,Negatif
semenjak ap tau ada bus deket mantap,5,Positif
aplikasi mudah aktivitas hari kota surabaya cinta terima kasih surabaya ,5,Positif
bantu ,5,Positif
bgs bantu aplikasi,5,Positif
mantap sudah saran saja angkot bikin sistem online bayar insyalah minat,5,Positif
ok,5,Positif
bantu bus tugas galak,5,Positif
manfat,5,Positif
peta bus bisa lihat,1,Negatif
bersih sahabat,5,Positif
lumayan bantu serelah lulqng kota ajak anak jalan kalo pengin bis n ajar sampah harga,5,Positif
mantap bu risma wajib gubernur jakarta,5,Positif
bus dari rakyat rakyat ini mantap salut risma yg juang warga fasilitas moderen kota mantap,5,Positif
fitur tungu halte revisi kali scan barcode tampak helper,5,Positif
bagus nyaman,5,Positif
ringan anak kos,5,Positif
bus tolong stand by kawasan bisnis kampus sore karena kali alami tungu bus habis ashar bus pas azan isya,3,Negatif
jalan mudah,5,Positif
aplikasi cacat menu eror ,1,Negatif
mantap,5,Positif
mantul,5,Positif
mohon tambah area surabaya barat daerah made sambikerep,3,Negatif
bantu,4,Positif
bagus n enak,5,Positif
bagus bar,5,Positif
mantap,5,Positif
aplikasi nya bantu sekali kali naik ,5,Positif
pagi unesa jam ya,5,Positif
pake ok sih ,4,Positif
kalo kota surabaya kota gitu bayar pakai sampah bisa khusus surabaya gitu ,5,Positif
luamayan,4,Positif
god,5,Positif
bagus banget p kantor bus moga jadwal konsisten trus sukses suroboyo bus,5,Positif
bus keren cangih bersih suroboyo bus ,5,Positif
god idea,5,Positif
bantu posisi bus,5,Positif
keren sangat bantu pantau ada bus lama nugu halte ,5,Positif
aplikasi guna instal macet rugi instal ini buang paket,1,Negatif
guna ajar mahasiswa,4,Positif
hebat,5,Positif
asli enak bagus posisi wisatawan mana turun kota pulang mana mesti cepat bisa ngumpulin sampah lagi tambah opsi beli tiket reguler dong biar buru buru pakai moda transportasi juga niat pakai keliling keliling batal sampah ,3,Negatif
bis suroboyo transportasi sekolah anak tabung seko bayar seko lanjut terimakasih suroboyo gbu always,5,Positif
ok,5,Positif
seneng rasa bis bersih harum bebas rokok dingin nyaman tertib smoga kondisi bu risma ytc jabat lagi amin armada bus tumpuk ,5,Positif
god ,5,Positif
bantu bagus,5,Positif
jalur gob surabaya,5,Positif
tukar botol banyak halte,3,Negatif
ok deh,4,Positif
gak tampil data apa aplikasi lumayan tunjuk bis real time muncul apa cuman menu,1,Negatif
donload seru banget deh asyik,1,Negatif
bagus bantu surabaya,5,Positif
klo deskripsi lengkap setengah apl bagus yg pengin jalan kota surabaya bantu ,3,Negatif
garis merah doang gambar bus terang lokasi ,1,Negatif
bagus sih banyak tempat tukar botol kartu stamp nya kalo tiap halte ribet bawa botol masuk dalam bus kondisi bus bersih sampah botol tumpuk leluasa dalam maju suroboyoku,5,Positif
sangat muas halte dekat denqan rumah bila kerja tidak kehilanqan onqkos kalau libur bisa jalan jalan dg cucuk bila nunqu bus td lama terima kasih,5,Positif
berangkat kerja pakai suroboyo bus tolong mikrolet lyn surabaya integrasi moda transportasi bas aplikasi ini surabaya smart city,5,Positif
mantap,5,Positif
maju,4,Positif
membantu,5,Positif
rute bus cuma layar biru aja gmna lihat rute kalo dah,2,Negatif
download bus nya mana hapus download,5,Positif
aplikasi bagus saja muncul posisi bis halte libur lebaran aplikasi rusak tolong pemberitahuanya ya terima kasih ,4,Positif
layan familiar bagus bersih nyaman,5,Positif
bus nya peta,1,Negatif
aplikasi gerak kayak map,1,Negatif
bantu posisi bus mana lama tungu halte,5,Positif
aplikasi nya ya,1,Negatif
sip,5,Positif
gobisurabaya,5,Positif
amazing,5,Positif
aplikasi go bis mantap,5,Positif
sip,5,Positif
aplikasi bagus kembang baik bagus bravo dishub surabaya,4,Positif
tolong baik aplikasi bagus sih lrbih bagus kasih tau naik mekanisme tukar botol tukar botol mana mudah akses bus suroboyo ,3,Negatif
terima kasih banget damri surabaya,5,Positif
update peta rute posisi bis keluar warna biru saja uninstal instal ulang itu why harus manfat ilmu terawang t t,1,Negatif
suka bis suroboyo bersih ramah lingkung,5,Positif
,5,Positif
terimakasih bu risma bus bantu biar hemat ongkos kemana,5,Positif
bagus pakai gampang,4,Positif
w rs wecec,2,Negatif
bagus banget tungu lama tau posisi bus tapi bus sepi sosialisasi kenal bus suroboyo tukar botol agen tukar botol mudah tingal pakai stiker bawa botol biar bikin ribet,5,Positif
akses lokolasi bus ,3,Negatif
tombol update lokasi user mhn tambah tombol order notifikasi bus dekat rute,4,Positif
jalur bis,5,Positif
informasi berangkat tau jadwal bis rute unesa its saja didlm rumah pakuwon city kampus unika widya mandala juga tolong rute kampus sejln timbang tambah terima kasih ,5,Positif
,5,Positif
lengkap jadwal nya,2,Negatif
kadang eror,5,Positif
top markotop,5,Positif
driver baru ramah mhn info jam bungurasih jam malam jam berangkat,1,Negatif
bagus senang,5,Positif
senang,5,Positif
bagus ,5,Positif
rute warna biru saja sudah unistal instal layar biru mohon baik gob bantu masyarakat,1,Negatif
ok,3,Negatif
bagus,5,Positif
ok,5,Positif
update ios,5,Positif
aplikasi bagus saran aplikasi tambah syarat tata guna suroboyo bus schedule kira bus halte point lokasi wisata cantum koridor jalan bus mudah warga wisata rasa suroboyo bus mudah sukses suroboyo bus ,4,Positif
akurasi datang halte ada ,3,Negatif
bantu,5,Positif
beguna msyarakat sby ditmbah rute biar masyarakat surabaya skitarnya tau mngenal sb surabaya terima kasih,5,Positif
info tanda bis jalan jam nya habis tungu sia sia maps bis nya jalan jalan ,4,Positif
semenjak auto update tangal feb map posisi bus muncul blas so ndk pakai,1,Negatif
moga jalan tambah jalur bis the best deh moga orang nikmat angkut,5,Positif
posisi bus hilang update sedih,1,Negatif
ayo bis,5,Positif
bantu,5,Positif
keluarga senang bus suboyo ini tugas ramah dan sopan jiadi favorid anak anak trimakasih,5,Positif
tolong info bis kota mikrolet ditambahin,5,Positif
update datang orang tungu halte gambar bus gerak peta ,4,Positif
aplikasi transjakarta akurat sekali ,1,Negatif
sip banget,5,Positif
bus muncul rute go bus,1,Negatif
jelek,1,Negatif
bagus,5,Positif
turun pingir jln alas bis balek garasi salah sopir bilang trayek mana turun pingir jln bawa anak mohon unk awas sopir erti tumpang ,1,Negatif
bantu,5,Positif
hm cb tampil jadwal berangkat bus gob penumpng kalkulasi keberngktan bus maju bu risma kota surabaya,4,Positif
map nya tiba sinkron tolong dishub map diupdate bisar lihat posisi bus nya mana padahal deh baru map aplikasi ngaruh ,2,Negatif
ok,5,Positif
ap update dgan gmap disbub mohon update ya ap sd bagus bagus kalo grab gojek tau posisi bus brada titik terima kasih,4,Positif
lokasi bus muncul map ,1,Negatif
simple stiap henti baik cantum,3,Negatif
bagus,5,Positif
mantab moga jaga ini depan aplikasi tau tumpang bus penuh tumpang terkadang kendala macet mng habis hujan ok deh,5,Positif
bantu cari bus,4,Positif
sip deh,5,Positif
tugas bis nya lumayan tegas tp senyum ramah ,3,Negatif
surabaya bayar ongkos bus pakai sampah terimakasih risma tugas bus lihat ramah tanya kupon ya tingal info bus nya jurus mana ,5,Positif
bantu,5,Positif
suport gogle map tampil peta nya modus malam,4,Positif
bantu,5,Positif
kalo maleman jam henti,3,Negatif
eror nya,2,Negatif
tolong cantum jam saja terima kasih,1,Negatif
god service,5,Positif
aplikasi muat layan gogle maps benar ya tau mana letak bus nya,1,Negatif
tampak posisi bus merah jarak tgu malam tgu selasa info tambah dab operasi semua ketik bus merah bus kuning ada ketik menit mana tuh terdetek mohon perhati trma kasih,1,Negatif
deteksi ya bis nya oke ,3,Negatif
tolong informasi estimasi berangkat its unesa jembatan merah bungurasih,3,Negatif
mas tungu jam ya ,2,Negatif
tolong jam datang bus diaps sesuai jalan bus unesa apsnya bus diunesa terima kasih ,2,Negatif
tambah armada baru kayak aplikasi ya ,5,Positif
surabaya,5,Positif
saran aplikasi kuota orang masuk lihat orang tungu halte bus naik penuh,5,Positif
baca langsung instal ok banget,5,Positif
saran saja mungkin informasi tarif transportasi terima kasih,5,Positif
jam jadwal berangkat ,3,Negatif
bawa botol alat pembayaranya,4,Positif
nungunya banget jam an jadwal jam,2,Negatif
armada tambahin tungu jam,3,Negatif
aplikasi mantap moga maju nyaman moda transportasi disurabaya,5,Positif
wkwk ap,1,Negatif
bug nya over al it s okay,5,Positif
aplikasi sesuai espektasi aplikasi untung mohon baik tungu,2,Negatif
posisi bis akurat benar harap depan akurat posisi bis bisa lampir jadwal berangkat bis matur suwun inovasi guna ,5,Positif
aplikasi bagus banget ,5,Positif
nungunya pakai banget jam jalan jalan bikin orang malas,3,Negatif
kalo pakai aplikasih pesan bus merah surabaya gampang online terimakasih dishub kota surabaya,5,Positif
mantap,5,Positif
lokasi bis jalur luar jalur bisa butuh kira rumah halte dekat tungu lama tungu halte bus penuh naik ,3,Negatif
maps akurat mohon dibenerin,3,Negatif
gob naik pakai botol uang,3,Negatif
jalur unesa its tungu jam lbh jadwal pasti kadang lambat kuliah enak bis brangkat,3,Negatif
aplikasi jalan sesuai ,1,Negatif
tingkat gps,5,Positif
tulis halaman muat gogpe maps benar update hm,4,Positif
wes apik tapi bis e kayak e ngenteni menit yolek kene gowo pacar enak onok seng dijak ngomong sakno seng jomblo min ,4,Positif
kalo mingu fungsi,5,Positif
coba dibebepara smartphone card beda eror mohon baik,2,Negatif
tolong baru maneh rodok eror aplikasi satu karo gogle maps,3,Negatif
kerjasama trafi transjakarta interface aplikasi trafi bagus mudah lihat ,3,Negatif
bagus cuman lacak aplikasi bus dekat nampil bis sb,5,Positif
aplikasi manfat,5,Positif
jalan aplikasi,2,Negatif
bagus sih tp sayang cari bus dekat muncul gak jwdl juga tlog baik apk nya,2,Negatif
tolong tambah jadwal tiap halte ,4,Positif
sinkron jalur bus pencet jurus mana muncul jurus,2,Negatif
aplikasi buka jalur bus,2,Negatif
singkron geogel nao,5,Positif
manajemen calon tumpang,1,Negatif
update ros kei jempol ful budhe,3,Negatif
jos,5,Positif
bantu kurang macet sayamg armada kurang ,5,Positif
tungu kembang,5,Positif
bingung susur kota surabaya kendara coba busuroboyo ini ,5,Positif
warga ktp non surabaya min ,4,Positif
suka,5,Positif
aplikasi keren tracking suroboyo bus lengkap rute transportasi surabaya tempat wisata surabaya,5,Positif
bis e kesuwen,5,Positif
jelek,1,Negatif
asih masuk bilamana bus surabaya penuh tolong kasih info aplikasi tumpang tahu jadi tungu bus nya penuh boleh naik sukses soroboyobus,3,Negatif
aplikasi nya lihat jalur aja gak informatif jadwal mana harga ada gak bantu nya nih aps kalo jalur mah lihat ig aslisurabaya lol,1,Negatif
god,5,Positif
bantu terima kasih ,5,Positif
tolong kasih tau pakai aplikasi ini hubung id line ernymay makasih sumpah tau ,5,Positif
ideal,5,Positif
update jalur nya beda ya unesa its jalur purabaya gt nungu nya jelas update,5,Positif
mantab,4,Positif
tungu tracking rute barat timur,5,Positif
aplikasi bagus flightradar utk akurasi posisi bis jenis bis mohon tingkat biar tara flightradar kalo tungu bis enak tau posisi bis presisi jenis bis ap bis tingkat bukan biar tara flightradar lah ,4,Positif
responsif aplikasi conect gps nya ,2,Negatif
yes,5,Positif
baru ap nya akurat map nya bus arah unesa masuk rute bus arah purabaya arah purabaya,2,Negatif
bus rute unesa its,1,Negatif
beda bus non hd mercy bis merah bus sd ocrf min gps bus dekat ,4,Positif
smakin maju surabayaq,5,Positif
jadwal malam halte purabaya bus ada aplikasi bus padahal aplikasi alat bantu,1,Negatif
informatif warga surabaya datang wisatawan tau moda transportasi umum serta info tarif amgkutan tau biaya estimasi keluar maju suroboyoku,4,Positif
nice,4,Positif
mantap,5,Positif
sayang tungu armada ,5,Positif
terimakasih wali kota surabaya bu tri risma harini ,5,Positif
itimewa,5,Positif
titik bus belup update tumpang tungu,3,Negatif
muas sekali terima kasih,5,Positif
kembang surabaya maju negara,5,Positif
sen,5,Positif
sip banget udah kali kali bus ini mungkin bus nya lg,5,Positif
pls posisi bus biar buang tungu bus,4,Positif
sabtu juni berangkat bus kota terminal purabaya pegawai dishub pos tungu belah suroboyo bus jam gin suroboyo bus habis bus kota tanya suroboyo bus operasi jam berapa trus terminal purabaya tungu suroboyo bus belah mana makasih ,3,Negatif
cucok deh hm ,5,Positif
sesuai harap maju suroboyo,5,Positif
moga kota,3,Negatif
bus surabaya titik bus mana customer tungu lagi bus tau jam,3,Negatif
desain layout tulis icon tarik mohon baik desain tampak kelas mewah ,3,Negatif
apik ikhi ben datang ngerti dal lan angkotan opo seng ditumpaisampai tuju dukung aplikasisurabaya,5,Positif
 mantap,5,Positif
maju dishub surabaya,5,Positif
guna aplikasi gps lokasi handphone android,5,Positif
